Barcode,Item Name,Category,Price,Stocks
DDF-Aozi-Dog-Adult-1kg,Aozi Dog Adult 1kg,Dog Dry Food,165,0
DDF-Aozi-Dog-Adult-1/2kg,Aozi Dog Adult 1/2kg,Dog Dry Food,85,0
DDF-Aozi-Dog-Puppy-1kg,Aozi Dog Puppy 1kg,Dog Dry Food,175,0
DDF-Aozi-Dog-Puppy-1/2kg,Aozi Dog Puppy 1/2kg,Dog Dry Food,90,0
DDF-Beef-Teriyaki-1kg,Beef Teriyaki 1kg,Dog Dry Food,80,0
DDF-Beef-Teriyaki-1/2kg,Beef Teriyaki 1/2kg,Dog Dry Food,40,0
DDF-Beef-Pro-Adult-1kg,BeefPro Adult 1kg,Dog Dry Food,150,0
DDF-Beef-Pro-Adult-1/2kg,BeefPro Adult 1/2kg,Dog Dry Food,75,0
DDF-BeefPro-Puppy-1kg,BeefPro Puppy 1kg,Dog Dry Food,165,0
DDF-BeefPro-Puppy-1/2kg,BeefPro Puppy 1/2kg,Dog Dry Food,85,0
DDF-Bingo-1kg,Bingo 1kg,Dog Dry Food,80,0
DDF-Bingo-1/2kg,Bingo 1/2kg,Dog Dry Food,40,0
DDF-Holistic-Adult-1kg,Holistic Adult 1kg,Dog Dry Food,190,0
DDF-Holistic-Adult-1/2kg,Holistic Adult 1/2kg,Dog Dry Food,95,0
DDF-Holistic-Puppy-1kg,Holistic Puppy 1kg,Dog Dry Food,195,0
DDF-Holistic-Puppy-1/2kg,Holistic Puppy 1/2kg,Dog Dry Food,100,0
DDF-Aozi-Lamb-Apple-1kg,Aozi Lamb Apple 1kg,Dog Dry Food,185,0
DDF-Aozi-Lamb-Apple-1/2kg,Aozi Lamb Apple 1/2kg,Dog Dry Food,95,0
DDF-Nutricare-Adult-1kg,Nutricare Adult 1kg,Dog Dry Food,110,0
DDF-Nutricare-Adult-1/2kg,Nutricare Adult 1/2kg,Dog Dry Food,55,0
DDF-Nutrichunks-Adult-1kg,Nutrichunks Adult  1kg,Dog Dry Food,135,0
DDF-Nutrichunks-Adult-1/2kg,Nutrichunks Adult 1/2kg,Dog Dry Food,65,0
DDF-Nutrichunks-Puppy-1kg,Nutrichunks Puppy 1kg,Dog Dry Food,165,0
DDF-Nutrichunks-Puppy-1/2kg,Nutrichunks Puppy 1/2kg,Dog Dry Food,85,0
DDF-Nutrichunks-Alpharo-1kg,Nutrichunks Alpharo 1kg,Dog Dry Food,95,0
DDF-Nutrichunks-Alpharo-1/2kg,Nutrichunks Alpharo 1/2kg,Dog Dry Food,50,0
DDF-Pedigree-Adult-1kg,Pedigree Adult  1kg,Dog Dry Food,145,0
DDF-Pedigree-Adult-1/2kg,Pedigree Adult 1/2kg,Dog Dry Food,75,0
DDF-Pedigree-Mini-1kg,Pedigree Mini 1kg,Dog Dry Food,150,0
DDF-Pedigree-Mini-1/2kg,Pedigree Mini 1/2kg,Dog Dry Food,75,0
DDF-Pedigree-Puppy-1kg,Pedigree Puppy 1kg,Dog Dry Food,175,0
DDF-Pedigree-Puppy-1/2kg,Pedigree Puppy 1/2kg,Dog Dry Food,90,0
DDF-Special-Dog-Adult-1kg,Special Dog Adult 1kg,Dog Dry Food,140,0
DDF-Special-Dog-Adult-1/2kg,Special Dog Adult 1/2kg,Dog Dry Food,70,0
DDF-Special-Dog-Puppy-1kg,Special Dog Puppy 1kg,Dog Dry Food,145,0
DDF-Special-Dog-Puppy-1/2kg,Special Dog Puppy 1/2kg,Dog Dry Food,75,0
DDF-Top-Breed-Adult-1kg,Top Breed Adult 1kg,Dog Dry Food,85,0
DDF-Top-Breed-Adult-1/2kg,Top Breed Adult 1/2kg,Dog Dry Food,45,0
DDF-Top-Breed-Puppy-1kg,Top Breed Puppy 1kg,Dog Dry Food,100,0
DDF-Top-Breed-Puppy-1/2kg,Top Breed Puppy 1/2kg,Dog Dry Food,50,0
DDF-Zoi-Dog-1kg,Zoi Dog 1kg,Dog Dry Food,80,0
DDF-Zoi-Dog-1/2kg,Zoi Dog 1/2kg,Dog Dry Food,40,0
DDF-Vitality-Adult-1kg,Vitality Adult 1kg,Dog Dry Food,190,0
DDF-Vitality-Adult-1/2kg,Vitality Adult 1/2kg,Dog Dry Food,95,0
DDF-Vitality-Puppy-1kg,Vitality Puppy 1kg,Dog Dry Food,200,0
DDF-Vitality-Puppy-1/2kg,Vitality Puppy 1/2kg,Dog Dry Food,100,0
DDF-Vitality-Valuemeal-Adult-1kg,Vitality Valuemeal Adult 1kg,Dog Dry Food,145,0
DDF-Vitality-Valuemeal-Adult-1/2kg,Vitality Valuemeal Adult 1/2kg,Dog Dry Food,75,0
DDF-Vitality-Valuemeal-Puppy-1kg,Vitality Valuemeal Puppy 1kg,Dog Dry Food,160,0
DDF-Vitality-Valuemeal-Puppy-1/2kg,Vitality Valuemeal Puppy 1/2kg,Dog Dry Food,80,0
CDF-Aozi-Cat-Adult-1kg,Aozi Cat Adult 1kg,Cat Dry Food,180,0
CDF-Aozi-Cat-Adult-1/2kg,Aozi Cat Adult 1/2kg,Cat Dry Food,90,0
CDF-Aozi-Kitten-Salmon-1kg,Aozi Kitten Salmon 1kg,Cat Dry Food,200,0
CDF-Aozi-Kitten-Salmon-1/2kg,Aozi Kitten Salmon 1/2kg,Cat Dry Food,100,0
CDF-Aozi-Kitten-Tuna-1kg,Aozi Kitten Tuna 1kg,Cat Dry Food,200,0
CDF-Aozi-Kitten-Tuna-1/2kg,Aozi Kitten Tuna 1/2kg,Cat Dry Food,100,0
CDF-Cuties-Salmon-1kg,Cuties Salmon 1kg,Cat Dry Food,130,0
CDF-Cuties-Salmon-1/2kg,Cuties Salmon 1/2kg,Cat Dry Food,65,0
CDF-Cuties-Seafood-1kg,Cuties Seafood 1kg,Cat Dry Food,130,0
CDF-Cuties-Seafood-1/2kg,Cuties Seafood 1/2kg,Cat Dry Food,65,0
CDF-Cuties-Tuna-1kg,Cuties Tuna 1kg,Cat Dry Food,130,0
CDF-Cuties-Tuna-1/2kg,Cuties Tuna 1/2kg,Cat Dry Food,65,0
CDF-Cuties-Tuna-Shrimp-1kg,Cuties Tuna Shrimp 1kg,Cat Dry Food,130,0
CDF-Cuties-Tuna-Shrimp-1/2kg,Cuties Tuna Shrimp 1/2kg,Cat Dry Food,65,0
CDF-Infinity-Ocean-Fish-1kg,Infinity Ocean Fish 1kg,Cat Dry Food,115,0
CDF-Infinity-Ocean-Fish-1/2kg,Infinity Ocean Fish 1/2kg,Cat Dry Food,60,0
CDF-Infinity-Salmon-1kg,Infinity Salmon 1kg,Cat Dry Food,110,0
CDF-Infinity-Salmon-1/2kg,Infinity Salmon 1/2kg,Cat Dry Food,55,0
CDF-Lucy-1kg,Lucy 1kg,Cat Dry Food,120,0
CDF-Lucy-1/2kg,Lucy 1/2kg,Cat Dry Food,60,0
CDF-Monello-Adult-1kg,Monello Adult 1kg,Cat Dry Food,160,0
CDF-Monello-Adult-1/2kg,Monello Adult 1/2kg,Cat Dry Food,80,0
CDF-Monello-Kitten-1kg,Monello Kitten 1kg,Cat Dry Food,180,0
CDF-Monello-Kitten-1/2kg,Monello Kitten 1/2kg,Cat Dry Food,90,0
CDF-Nutricare-Salmon-1kg,Nutricare Salmon 1kg,Cat Dry Food,120,0
CDF-Nutricare-Salmon-1/2kg,Nutricare Salmon 1/2kg,Cat Dry Food,60,0
CDF-Power-Cat-1kg,Power Cat 1kg,Cat Dry Food,200,0
CDF-Power-Cat-1/2kg,Power Cat 1/2kg,Cat Dry Food,100,0
CDF-Power-Kitten-1kg,Power Kitten 1kg,Cat Dry Food,220,0
CDF-Power-Kitten-1/2kg,Power Kitten,Cat Dry Food,110,0
CDF-Princess-1kg,Princess 1kg,Cat Dry Food,165,0
CDF-Princess-1/2kg,Princess 1/2kg,Cat Dry Food,85,0
CDF-Smartheart-Adult-1kg,Smart Heart Adult 1kg,Cat Dry Food,170,0
CDF-Smartheart-Adult-1/2kg,Smart Heart Adult 1/2kg,Cat Dry Food,85,0
CDF-Smartheart-Kitten-1kg,Smart Heart Kitten 1kg,Cat Dry Food,190,0
CDF-Smartheart-Kitten-1/2kg,Smart Heart Kitten 1/2kg,Cat Dry Food,95,0
CDF-Special-Cat-1kg,Special Cat 1kg,Cat Dry Food,150,0
CDF-Special-Cat-1/2kg,Special Cat 1/2kg,Cat Dry Food,75,0
CDF-Top-Cat-1kg,Top Cat 1kg,Cat Dry Food,115,0
CDF-Top-Cat-1/2kg,Top Cat 1/2kg,Cat Dry Food,60,0
CDF-Whiskas-Adult-1kg,Whiskas Adult 1kg,Cat Dry Food,175,0
CDF-Whiskas-Adult-1/2kg,Whiskas Adult 1/2kg,Cat Dry Food,90,0
CDF-Whiskas-Junior-1kg,Whiskas Junior 1kg,Cat Dry Food,190,0
CDF-Whiskas-Junior-1/2kg,Whiskas Junior 1/2kg,Cat Dry Food,95,0
CDF-Zoi-Cat-Orig-1kg,Zoi cat Orig Pack,Cat Dry Food,130,0
CDF-Zoi-Cat-Repack-1kg,Zoi Cat Repack 1kg,Cat Dry Food,125,0
CDF-Zoi-Cat-Repack-1/2kg,Zoi Cat repack 1/2kg,Cat Dry Food,65,0
CDF-Ole-Cat-Seafood-1kg,Ole Cat Seafood 1kg,Cat Dry Food,120,0
CDF-Ole-Cat-Seafood-1/2kg,Ole Cat Seafood 1/2kg,Cat Dry Food,60,0
CDF-Ole-Cat-Tuna-1kg,Ole Cat Tuna 1kg,Cat Dry Food,120,0
CDF-Ole-Cat-Tuna-1/2kg,Ole Cat Tuna 1/2kg,Cat Dry Food,60,0
OPF-Amazon-Fish,Amazon Fish,Other Pet Foods,60,0
OPF-Fish-Assorted,Fish (Assorted),Other Pet Foods,25,0
OPF-Fish-Brown,Fish (Brown),Other Pet Foods,35,0
OPF-Optimum-Beta,Optimum Beta,Other Pet Foods,60,0
OPF-Turtle-Pellet,Turtle Pellet,Other Pet Foods,100,0
OPF-Turtle-Stick,Turtle Stick,Other Pet Foods,100,0
OPF-Kalapati,Kalapati ,Other Pet Foods,90,0
OPF-Love-Bird,Love Bird,Other Pet Foods,80,0
OPF-Rabbit,Rabbit,Other Pet Foods,45,0
DFC-Aozi-Dog,Aozi Dog Can,Dog Food in Can,90,0
DFC-Brit-Dog,Brit Dog Can,Dog Food in Can,90,0
DFC-Pedigree-Junior,Pedi Junior,Dog Food in Can,135,0
DFC-Pedigree-400g,Pedi 400g ,Dog Food in Can,130,0
DFC-Pedigree-1.15kg,Pedi 1.15kg Dog Can,Dog Food in Can,300,0
DFC-Special-Dog-Adult,Special Dog Adult,Dog Food in Can,85,0
DFC-Special-Dog-Junior,Special Dog Junior,Dog Food in Can,90,0
CFC-Special-Cat,Special Cat Can,Cat Food in Can,85,0
CFC-Whiskas-Cat,Whiskas Cat Can,Cat Food in Can,115,0
CFC-Infinity-Cat,Infinity Cat Can,Cat Food in Can,85,0
CFC-Aozi-Cat,Aozi Cat Can,Cat Food in Can,95,0
CFC-Kitkat-Cat,Kitkat Cat Can,Cat Food in Can,95,0
CFC-Power-Cat,Power Cat Can,Cat Food in Can,95,0
CFC-Power-Kitten,Power Kitten Pink,Cat Food in Can,95,0
PM-Bearing-Cat-Milk,Bearing Cat MIlk,Pet Milk,150,0
PM-Bearing-Dog-Milk,Bearing Dog Milk,Pet Milk,150,0
PM-Cosi-Milk,Cosi Milk,Pet Milk,170,0
PM-Goat-Milk-200g,Goat Milk 200g,Pet Milk,200,0
PM-Puppy-Love,Puppy Love,Pet Milk,350,0
PT-Dentastix-56g,Dentastix 56g,Pet Treats,105,0
PT-Dentastix-60g,Dentastix 60g,Pet Treats,110,0
PT-Dentastix-77g,Dentastix 77g,Pet Treats,110,0
PT-Dentastix-112g,Dentastix 112g,Pet Treats,125,0
PT-Meat-Jerky,Meat Jerky,Pet Treats,115,0
PT-Sleeky,Sleeky ,Pet Treats,85,0
PT-Charcoas-80g,Charcoas 80g,Pet Treats,95,0
PT-Charcoas-150g,Charcoas 150g,Pet Treats,150,0
PT-Doggie-Biscuit-80g,Doggie Biscut 80g,Pet Treats,95,0
PT-Doggie-Biscuit-200g,Doggie Biscut 200g,Pet Treats,150,0
PT-Milky-Biscuit-80g,Milky Biscuit 80g,Pet Treats,100,0
PT-Milky-Biscuit-200g,Milky Biscuit 200g,Pet Treats,160,0
PT-Jerhigh,Jerhigh,Pet Treats,95,0
PT-Zert,Zert ,Pet Treats,160,0
PT-Appetite-Booster-Liver,Appetite Booster Liver,Pet Treats,165,0
PT-Chewtime,Chewtime,Pet Treats,40,0
PT-Holistic-Treats-95,Holistic Treats,Pet Treats,95,0
PT-Holistic-Treats-115,Holistic Treats,Pet Treats,115,0
PT-Sausage-Beef-Red,Sausage Beef Red,Pet Treats,25,0
PT-Sausage-Chicken-Yellow,Sausage Chicken Yellow ,Pet Treats,25,0
PT-Temptation,Temptation,Pet Treats,120,0
PT-Bone-Treat-Green,Bone Treat Green,Pet Treats,10,0
PT-Bone-Treat-Orange,Bone Treat Orange,Pet Treats,10,0
PT-Bone-Treat-Pink,Bone Treat Pink,Pet Treats,10,0
PT-Bone-Treat-Blueberry,Bone Treat Blueberry,Pet Treats,10,0
PT-Bone-Treat-Bacon/Beef,Bone Treat Bacon+Beef,Pet Treats,10,0
PT-Bone-Treat-White,Bone Treat White,Pet Treats,10,0
PT-Bone-Treat-Yellow,Bone Treat Yellow ,Pet Treats,10,0
PT-Bone-Treat-Chicken,Bone Treat Chicken,Pet Treats,10,0
PT-Liebao-Blue,Liebao Blue ,Pet Treats,10,0
PT-Liebao-Pink,Liebao Pink,Pet Treats,10,0
PT-Breathe-Bites,Breathe Bites,Pet Treats,85,0
DFP-Goodest-Red,Goodest Red,Dog Food in Pouch,45,0
DFP-Goodest-Green,Goodest Green,Dog Food in Pouch,45,0
DFP-Goodest-Blue,Goodest Blue,Dog Food in Pouch,45,0
DFP-Pedigree-Adult-Blue,Pedi A Blue,Dog Food in Pouch,50,0
DFP-Pedigree-Adult-Cyan,Pedi A Cyan,Dog Food in Pouch,50,0
DFP-Pedigree-Adult-Maroon,Pedi A Maroon,Dog Food in Pouch,50,0
DFP-Pedigree-Adult-Orange,Pedi A Orange,Dog Food in Pouch,50,0
DFP-Pedigree-Puppy-Beef-Loaf,Pedi Puppy Beef Loaf,Dog Food in Pouch,55,0
DFP-Pedigree-Puppy-Chicken,Pedi. Puppy Chicken,Dog Food in Pouch,55,0
CFP-Aozi-Yellow,Aozi Yellow,Cat Food in Pouch,45,0
CFP-Aozi-Light-Pink,Aozi Light Pink,Cat Food in Pouch,45,0
CFP-Aozi-Purple,Aozi Purple,Cat Food in Pouch,45,0
CFP-Aozi-Dark-Pink,Aozi Dark Pink,Cat Food in Pouch,45,0
CFP-Aozi-Cyan,Aozi Cyan,Cat Food in Pouch,45,0
CFP-Aozi-Blue,Aozi Blue,Cat Food in Pouch,45,0
CFP-Goodest-Chicken,Goodest Chicken ,Cat Food in Pouch,35,0
CFP-Goodest-Mackerel,Goodest Mackerel,Cat Food in Pouch,35,0
CFP-Goodest-Tuna,Goodest Tuna,Cat Food in Pouch,35,0
CFP-Sheba-Chicken,Sheba Chicken,Cat Food in Pouch,50,0
CFP-Sheba-Tuna,Sheba Tuna ,Cat Food in Pouch,50,0
CFP-Sheba-Tuna-Bream,Sheba Tuna&Bream,Cat Food in Pouch,50,0
CFP-Sheba-Tuna-Salmon,Sheba Tuna&Salmon ,Cat Food in Pouch,50,0
CFP-Whiskas-Ocean-Fish,Whiskas 1+ Ocean Fish,Cat Food in Pouch,40,0
CFP-Whiskas-Mackerel,Whiskas Mackerel 1+,Cat Food in Pouch,40,0
CFP-Whiskas-Tuna,Whiskas Tuna 1+,Cat Food in Pouch,40,0
CFP-Whiskas-Junior-Mackerel,Whiskas Jr Mackerel,Cat Food in Pouch,45,0
CFP-Whiskas-Junior-Tuna,Whiskas Jr Tuna,Cat Food in Pouch,45,0
CFP-Whiskas-Tasty-Mix,Whiskas Tasty Mix,Cat Food in Pouch,40,0
PSOAP-Bayo-Pet,Bayo Pet ,Pet Soap,120,0
PSOAP-Bio-Sulfur-VCO,Bio Sulfur+VCO,Pet Soap,155,0
PSOAP-Lori-Green,Lori Green,Pet Soap,105,0
PSOAP-Lori-Assorted,Lori Assorted,Pet Soap,120,0
PSOAP-Royal-Tail-Black,Royal Tail Black,Pet Soap,135,0
PSOAP-Royal-Tail-Assorted,Royal Tail Assorted,Pet Soap,90,0
PSOAP-Smooth-Madre-de-Cacao,SmoothT Madre de cacao,Pet Soap,90,0
PSOAP-Mysterious,Mysterious,Pet Soap,180,0
PSOAP-Vetcore,VetCore,Pet Soap,190,0
PSHAMP-Bearing-150ml,Bearing 150 ml.,Pet Shampoo,165,0
PSHAMP-Bearing-300ml,Bearing 300 ml,Pet Shampoo,265,0
PSHAMP-Bearing-600ml,Bearing 600ml,Pet Shampoo,375,0
PSHAMP-Bearing-Dry-Tick-Flea,Bearing Dry Shampoo  Tick&Flea,Pet Shampoo,300,0
PSHAMP-Madre-de-Cacao-100ml,Madre de cacao 100ml,Pet Shampoo,80,0
PSHAMP-Puppy-Inducer,Puppy Inducer,Pet Shampoo,100,0
PSHAMP-Fur-Magic,Fur Magic,Pet Shampoo,245,0
PSHAMP-JVC-1Gallon,JVC 1 Gallon,Pet Shampoo,270,0
PSHAMP-Madre-de-Cacao-Concentrated,Madre cacao concentrated,Pet Shampoo,235,0
PSHAMP-Madre-de-Cacao-1Gallon,Madre De Cacao 1 Gallon,Pet Shampoo,250,0
PSHAMP-Mysterious-MDC-250ml,Mysterious M.D.C 250 ml,Pet Shampoo,245,0
PSHAMP-Mysterious-MDC-500ml,Mysterious M.D.C 500ml,Pet Shampoo,340,0
PSHAMP-Royal-Tail-Regular,Royal Tail Regular,Pet Shampoo,230,0
PSHAMP-Royal-Tail-Tick-Flea,Royal Tail Tick&Flea,Pet Shampoo,340,0
PSHAMP-St-Roche-250ml,St. Roche 250ml,Pet Shampoo,225,0
PSHAMP-St-Roche-628ml,St. Roche 628ml,Pet Shampoo,385,0
PSHAMP-St-Roche-1050ml,St. Roche 1050ml,Pet Shampoo,520,0
PSHAMP-St-Roche-Conditioner,St. Roche Conditioner,Pet Shampoo,440,0
PSHAMP-St-Roche-Dry-Shampoo,St. Roche Dry Shampoo,Pet Shampoo,195,0
PSHAMP-Washout-Sachet,Washout Sachet,Pet Shampoo,20,0
PM-Papi-Doxy,Papi Doxy,Pet Medicine,220,0
PM-Pet-C,Pet C,Pet Medicine,170,0
PM-LC-Vit,LC Vit ,Pet Medicine,175,0
PM-Enmalac,Enmalac,Pet Medicine,220,0
PM-Hema-Care,Hema care (blood ),Pet Medicine,220,0
PM-LC-Vit-Plus,LC Vit Plus,Pet Medicine,185,0
PM-Coat-Shine,Coat Shine,Pet Medicine,335,0
PM-Papi-MVP,Papi MVP,Pet Medicine,185,0
PM-Papi-OB,Papi OB,Pet Medicine,210,0
PM-Nutrical,Nutrical,Pet Medicine,225,0
PM-Forza,Forza,Pet Medicine,300,0
PM-Alaska-Fish-Oil,Alaska Fish Oil,Pet Medicine,155,0
PM-K9-Moringa,K9 Moringa,Pet Medicine,300,0
PM-Nutri-Plus-Gel,Nutri-Plus Gel,Pet Medicine,695,0
PM-De-Tick-1CC,DeTick 1cc,Pet Medicine,85,0
PM-De-Tick-2CC,DeTick 2cc,Pet Medicine,110,0
PM-Royal-Tail-Tick-Flea-Spray,Royal Tail Tick&Flea Spray,Pet Medicine,280,0
PM-Fipromil-Tick-Buster,Fipromil Tick Buster,Pet Medicine,320,0
PM-Nexgard-10-25kg,Nexgard 10-25kg,Pet Medicine,590,0
PM-Nexgard-4-10kg,Nexgard 4-10kg,Pet Medicine,530,0
PM-Sevin-Powder,Sevin Powder,Pet Medicine,160,0
PM-Iozin,Aozin,Pet Medicine,260,0
PM-Micoderm,Micoderm,Pet Medicine,240,0
PM-Royal-Tail-Wound-Healing,Royal Tail Wound Healing,Pet Medicine,235,0
PM-LC-Scour,LC Scour,Pet Medicine,195,0
PM-Rena-Cure,Rena Cure(Kidney),Pet Medicine,215,0
PM-Nematocide-15ml,Nematocide 15ml,Pet Medicine,135,0
PM-Nematocide-60ml,Nematocide 60ml,Pet Medicine,350,0
PM-Prednisolone,Prednisolone,Pet Medicine,255,0
PM-Topiderm,Topiderm,Pet Medicine,220,0
PM-Otiderm-Eardrops,Otiderm Eardrops,Pet Medicine,390,0
PM-Gentin-Eyedrops,Gentin Eyedrops,Pet Medicine,330,0
PM-Tolfenol,Tolfenol,Pet Medicine,300,0
PM-Broncure,Broncure,Pet Medicine,240,0
PM-Petpyrin,Petpyrin,Pet Medicine,315,0
PM-Pneumex,Pneumex,Pet Medicine,255,0
PM-SMP-Tablet,SMP Tablet,Pet Medicine,20,0
PM-Doxycycline-Hyclate,Doxycycline Hyclate,Pet Medicine,220,0
PM-Co-Amoxiclav,Co-Amoxiclav,Pet Medicine,245,0
PM-Ivermectin-Powder,Ivermectin Powder,Pet Medicine,35,0
PM-Ivermectin-Tablet,Ivermectin Tablet,Pet Medicine,35,0
PM-Dextrose-Powder-100g,Dextrose Powder 100g,Pet Medicine,80,0
PM-Dextrose-Powder-300g,Dextrose Powder 300g,Pet Medicine,120,0
PM-Mondex-100g,Mondex 100g,Pet Medicine,85,0
PM-Mondex-340g,Mondex 340g,Pet Medicine,135,0
PD-Female-Dono-XS,Female Dono XS,Pet Diaper,20,0
PD-Female-Dono-S,Female Dono S,Pet Diaper,20,0
PD-Female-Dono-M,Female Dono M,Pet Diaper,25,0
PD-Female-Dono-L,Female Dono L,Pet Diaper,30,0
PD-Female-Dono-XL,Female Dono XL,Pet Diaper,35,0
PD-Male-Dono-XS,Male Dono XS ,Pet Diaper,20,0
PD-Male-Dono-S,Male Dono S,Pet Diaper,20,0
PD-Male-Dono-M,Male Dono M,Pet Diaper,25,0
PD-Male-Dono-L,Male Dono L,Pet Diaper,30,0
PD-Male-Dono-XL,Male Dono XL,Pet Diaper,35,0
PD-Pee-Pad-M,Pee Pad M,Pet Diaper,15,0
PD-Pee-Pad-XL,Pee Pad XL,Pet Diaper,25,0
CL-Feline-Fresh-Charcoal,Feline Charcoal,Cat Litter,320,0
CL-Feline-Fresh-Coffee,Feline F Coffee,Cat Litter,290,0
CL-Feline-Fresh-Lemon-Grass,Feline F L.Grass,Cat Litter,290,0
CL-Feline-Fresh-Lemon,Feline F Lemon,Cat Litter,290,0
CL-Feline-Fresh-Lavander,Feline Lavander,Cat Litter,290,0
CL-Marie-10L-Coffee,Marie 10L Coffee,Cat Litter,290,0
CL-Marie-10L-Lavander,Marie 10L Lavander,Cat Litter,290,0
CL-Marie-10L-Lemon,Marie 10L Lemon,Cat Litter,290,0
CL-Marie-5L-Coffee,Marie 5L Coffee,Cat Litter,180,0
CL-Marie-5L-Lavander,Marie 5L Lavander,Cat Litter,180,0
CL-Marie-Tofu-Green-Tea,Marie Tofu Green Tea,Cat Litter,250,0
CL-Marie-Tofu-Lavander,Marie Tofu Lavander,Cat Litter,250,0
CL-Repack-Litter,Repack Litter,Cat Litter,50,0
CL-Snowman-Coffee,Snowman Coffee,Cat Litter,280,0
CL-Snowman-Lemon-Grass,Snowman L.Grass,Cat Litter,280,0
CL-Snowman-Lavander,Snowman Lavander,Cat Litter,280,0
CL-Snowman-Lemon,Snowman Lemon,Cat Litter,280,0
CL-Royal-Tail-Lavander,Royal Tail Lavander,Cat Litter,280,0
CL-Royal-Tail-Lemon,Royal Tail Lemon,Cat Litter,280,0
CL-Royal-Tail-Apple,Royal Tail Apple,Cat Litter,280,0
CL-Royal-Tail-Coffee,Royal Tail Coffee,Cat Litter,280,0
CL-Cattitude-Lavander,Cattitude Lavander,Cat Litter,180,0
CL-Cattitude-Lemon,Cattitude Lemon,Cat Litter,180,0
CL-Litterbox-S,Litterbox S,Cat Litter,220,0
CL-Litterbox-M,Litterbox M,Cat Litter,290,0
PB-Bowl-Stainless-XS,Bowl Stainless XS,Pet Bowl,80,0
PB-Bowl-Stainless-S,Bowl Stainless S,Pet Bowl,110,0
PB-Bowl-Stainless-M,Bowl Stainless M,Pet Bowl,130,0
PB-Bowl-Stainless-L,Bowl Stainless L,Pet Bowl,160,0
PB-Bowl-Stainless-XL,Bowl Stainless XL,Pet Bowl,250,0
PB-Bowl-Stainless-2XL,Bowl Stainless XXL,Pet Bowl,300,0
PB-Double-Bowl-Pink,Double Bowl Pink,Pet Bowl,140,0
PB-Double-Bowl-Blue,Doule Bowl Blue,Pet Bowl,140,0
PB-Traveller-Bowl,Traveller Bowl,Pet Bowl,100,0
PC-Dress,Dress,Pet Clothes,180,0
PC-Gloves,Gloves ,Pet Clothes,100,0
PC-Sando,Sando,Pet Clothes,80,0
PC-Shoes,Shoes,Pet Clothes,170,0
PC-Socks,Socks,Pet Clothes,70,0
PC-Superman-Hoodie,Superman Hoodie,Pet Clothes,220,0
PA-Carrier-Bag,Carrier Bag,Pet Accessories,330,0
PA-Clear-Backpack,Clear Back Pack Bag,Pet Accessories,720,0
PA-Pet-Bed,Pet Bed,Pet Accessories,340,0
PA-Travel-Carrier,Travel Carrier,Pet Accessories,680,0
PA-Cat-Plastic-Wand,Cat Plastic Wand ,Pet Accessories,80,0
PA-Cat-Wood-Wand,Cat Wood Wand ,Pet Accessories,85,0
PA-Cat-Toothbrush-Set,Cat Tooth B. Set,Pet Accessories,180,0
PA-Dog-Toothbrush-Set,Dog Tooth B. Set,Pet Accessories,180,0
PA-Toothbrush,Toothbrush,Pet Accessories,80,0
PA-Toothpaste,Toothpaste,Pet Accessories,120,0
PA-Drinker-Head,Drinker Head,Pet Accessories,120,0
PA-Feeding-Kit,Feeding Kit,Pet Accessories,100,0
PA-Litter-Scooper,Litter Scooper ,Pet Accessories,55,0
PA-Nursing-Bottle,Nursing Bottle,Pet Accessories,120,0
PA-Nailcutter-Blue-S,Pet Nail Cutter Blue S,Pet Accessories,130,0
PA-Nailcutter-Blue-B,Pet Nail Cutter Blue B,Pet Accessories,140,0
PA-Nailcutter-Pink-S,Pet Nail Cutter Pink S,Pet Accessories,130,0
PA-Nailcutter-Pink-B,Pet Nail Cutter Pink B,Pet Accessories,140,0
PA-Nailcutter-Red,Nail Cutter Red,Pet Accessories,120,0
PA-Hand-Brush,Hand Brush,Pet Accessories,30,0
PA-Plastic-Brush,Pet Plastic Brush,Pet Accessories,185,0
PA-Wood-Brush,Pet Wood Brush,Pet Accessories,120,0
PA-Shower-Brush,Shower brush,Pet Accessories,55,0
PA-Potty-Trainer,Potty Trainer,Pet Accessories,400,0
PA-Toy-Ball,Toy Ball,Pet Accessories,60,0
PA-Toy-Fish-40,Toy Fish,Pet Accessories,40,0
PA-Toy-Fish-90,Toy Fish Cloth,Pet Accessories,90,0
PA-Syringe-1ml,Syringe 1ml,Pet Accessories,10,0
PA-Syringe-10ml,Syringe 10ml,Pet Accessories,45,0
PA-Syringe-20ml,Syringe 20ml,Pet Accessories,60,0
PL-Checkered-Harness-S,Checkered Harness S,Pet Leash,175,0
PL-Checkered-Harness-M,Checkered Harness M,Pet Leash,185,0
PL-Checkered-Harness-L,Checkered Harness L,Pet Leash,195,0
PL-Leash-Harness-S,Leash Harness S,Pet Leash,130,0
PL-Leash-Harness-M,Leash Harness M,Pet Leash,140,0
PL-Leash-Harness-L,Leash Harness L,Pet Leash,150,0
PL-Cat-Collar,Cat Collar,Pet Leash,55,0
PL-Puppy-Dog-Collar,Puppy Dog Collar,Pet Leash,45,0
PL-Dog-Collar-S,Dog Collar S,Pet Leash,60,0
PL-Dog-Collar-M,Dog Collar M,Pet Leash,80,0
PL-Dog-Collar-L,Dog Collar L,Pet Leash,100,0
PL-Heavy-Duty-Leash,Heavy Duty Leash,Pet Leash,170,0
PL-Medium-Leash,Medium Leash,Pet Leash,165,0
PL-XL-Leash,XL leash,Pet Leash,185,0
PL-P541-XL,P541 xl,Pet Leash,185,0
PL-P519-S,P519 S,Pet Leash,140,0
PL-P521-S,P521 S,Pet Leash,145,0
PL-P521-M,P521 M,Pet Leash,165,0
PL-Leash-Braided,Leash Braided,Pet Leash,165,0
PL-Checkered-Leash,Checkered Leash,Pet Leash,145,0
PL-KadenaM021,Kadena M021,Pet Leash,80,0
PL-Kadena-XS,Kadena XS,Pet Leash,50,0
PL-Kadena-S,Kadena S,Pet Leash,50,0
PL-Kadena-M,Kadena M,Pet Leash,80,0
PL-Kadena-L,Kadena L,Pet Leash,120,0
PL-Kadena-XL,Kadena XL,Pet Leash,220,0